<?xml version="1.0" encoding="utf-8"?>
<extension type="module" client="administrator" method="upgrade">
	<name>MOD_ADMINISTRATORLINKGHSVS</name>
	<author>G@HService Berlin Neukölln, Volkmar Volli Schlothauer</author>
	<creationDate>2013-09-19</creationDate>
	<copyright>(C) 2013, G@HService Berlin Neukölln, Volkmar Volli Schlothauer (ghsvs.de)</copyright>
	<license>GNU General Public License version 3 or later; see LICENSE.txt.</license>
	<authorUrl>https://ghsvs.de</authorUrl>
	<version>2022.06.24</version>
	<description>MOD_ADMINISTRATORLINKGHSVS_XML_DESCRIPTION</description>

	<updateservers><server type="extension" priority="1" name="MOD_ADMINISTRATORLINKGHSVS">https://raw.githubusercontent.com/GHSVS-de/upadateservers/master/mod_administratorlinkghsvs-update.xml</server></updateservers>

	<changelogurl>https://raw.githubusercontent.com/GHSVS-de/upadateservers/master/mod_administratorlinkghsvs-changelog.xml</changelogurl>

	<infourl>https://updates.ghsvs.de/changelog.php?file=mod_administratorlinkghsvs</infourl>

	<downloadUrl>https://github.com/GHSVS-de/mod_administratorlinkghsvs/raw/2022.06.24/dist/mod_administratorlinkghsvs-2022.06.24.zip</downloadUrl>

	<versionCompare>
	https://github.com/GHSVS-de/mod_administratorlinkghsvs/compare/2021.06.24...2022.06.24
	</versionCompare>

	<scriptfile>installerScript.php</scriptfile>
	<minimumPhp>7.2.0</minimumPhp>
	<maximumPhp>8.99999.99999</maximumPhp>
	<minimumJoomla>4.0.0</minimumJoomla>
	<maximumJoomla>4.9999.9999</maximumJoomla>
	<allowDowngrades>1</allowDowngrades>

	<files>
		<filename module="mod_administratorlinkghsvs">mod_administratorlinkghsvs.php</filename>
		<filename>installerScript.php</filename>
		<filename>LICENSE.txt</filename>
		<folder>language</folder>
		<folder>src</folder>
		<folder>tmpl</folder>
	</files>
	<namespace path="src">Joomla\Module\AdministratorLinkGhsvs</namespace>
	<config>
		<fields name="params">

			<fieldset name="basic">

				<field name="iconClassSpacer" type="note" close="true"
					class="alert alert-info"
					label="MOD_ADMINISTRATORLINKGHSVS_ICONCLASS"
					description="MOD_ADMINISTRATORLINKGHSVS_ICONCLASS_DESC"/>

				<field name="iconClass" type="textarea" default="icon-home"
					filter="string"
					label="MOD_ADMINISTRATORLINKGHSVS_ICONCLASS"/>

				<field name="labellingSpacer" type="note" close="true"
					class="alert alert-info"
					label="MOD_ADMINISTRATORLINKGHSVS_LABELLING"
					description="MOD_ADMINISTRATORLINKGHSVS_LABELLING_DESC"/>

				<field name="labelling" type="text"
					default="MOD_ADMINISTRATORLINKGHSVS_ADMINISTRATION"
					filter="string"
					label="MOD_ADMINISTRATORLINKGHSVS_LABELLING"/>

				<field name="titleAttrSpacer" type="note" close="true"
					class="alert alert-info"
					label="MOD_ADMINISTRATORLINKGHSVS_TITLEATTR"
					description="MOD_ADMINISTRATORLINKGHSVS_TITLEATTR_DESC"/>

				<field name="titleAttr" type="text"
					default="MOD_ADMINISTRATORLINKGHSVS_NEW_TAB"
					filter="string"
					label="MOD_ADMINISTRATORLINKGHSVS_TITLEATTR"/>

			</fieldset>

			<fieldset name="advanced">

				<field name="layout" type="modulelayout"
					class="custom-select"
					label="JFIELD_ALT_LAYOUT_LABEL"
					description="JFIELD_ALT_MODULE_LAYOUT_DESC" />

				<field name="moduleclass_sfx" type="textarea"
					label="COM_MODULES_FIELD_MODULECLASS_SFX_LABEL" />

			</fieldset>
		</fields>
	</config>
</extension>
